"metric","k","label","value"
"davg","3","null","0.07503729785235605"
"davg","3","null","0.08170168474592167"
"davg","3","null","0.07818229233841652"
"davg","3","null","0.07658154093431124"
"davg","3","null","0.08127295463453561"
"davg","3","null","0.07504032295895605"
"davg","3","null","0.07543230856221979"
"davg","3","null","0.08019078933569478"
"davg","3","null","0.07319942460090523"
"davg","3","null","0.07970954644801362"
"davg","3","null","0.07614475375943286"
"davg","3","null","0.07490919440152158"
"davg","3","null","0.07605925572372678"
"davg","3","null","0.07971359101109295"
"davg","3","null","0.08006967676621994"
"davg","3","null","0.08003869592372143"
"davg","3","null","0.07711312987549579"
"davg","3","null","0.0786466189817801"
"davg","3","null","0.07550241533259061"
"davg","3","null","0.08106262626238642"
"davg","3","null","0.07626318307654992"
"davg","3","null","0.07417151381383405"
"davg","3","null","0.07243086838901848"
"davg","3","null","0.07589666791605248"
"davg","3","null","0.07878514871978029"
"davg","3","null","0.07754096480733294"
"davg","3","null","0.08052803091864252"
"davg","3","null","0.07692338454837905"
"davg","3","null","0.07758816855289184"
"davg","3","null","0.08249235911172258"
"davg","3","null","0.07308855465403886"
"davg","3","null","0.07642460546096762"
"davg","3","null","0.07719258152797911"
"davg","3","null","0.07622761991824067"
"davg","3","null","0.08179573962921333"
"davg","3","null","0.07760765126845279"
"davg","3","null","0.08448699063068991"
"davg","3","null","0.07767055151753849"
"davg","3","null","0.0804592260357947"
"davg","3","null","0.07563430111526247"
"davg","3","null","0.07320842236224241"
"davg","3","null","0.07543182311012303"
"davg","3","null","0.07652459457806574"
"davg","3","null","0.0770920030664508"
"davg","3","null","0.08279172300855145"
"davg","3","null","0.07153771893081395"
"davg","3","null","0.07171868077509991"
"davg","3","null","0.0759661983054856"
"davg","3","null","0.08101751534037521"
"davg","3","null","0.07681031117524734"
"davg","3","null","0.08218500721185495"
"davg","3","null","0.08148605084381884"
"davg","3","null","0.07874803278095321"
"davg","3","null","0.08311488744204183"
"davg","3","null","0.0807909543537916"
"davg","3","null","0.07006328609941935"
"davg","3","null","0.07304947340280779"
"davg","3","null","0.08305066240217329"
"davg","3","null","0.07873140493305938"
"davg","3","null","0.0828110910359881"
"davg","3","null","0.07417822754141894"
"davg","3","null","0.07502715989561493"
"davg","3","null","0.07317088739418635"
"davg","3","null","0.0734239846194329"
"davg","3","null","0.0772952712666652"
"davg","3","null","0.07571147259438296"
"davg","3","null","0.07920651391123489"
"davg","3","null","0.07859787333283783"
"davg","3","null","0.08018564905830736"
"davg","3","null","0.07498735153959317"
"davg","3","null","0.0742746253288899"
"davg","3","null","0.07292221722133072"
"davg","3","null","0.07679788792194922"
"davg","3","null","0.07917227082926188"
"davg","3","null","0.07605218713241188"
"davg","3","null","0.07214767247654053"
"davg","3","null","0.07848156287158475"
"davg","3","null","0.07450078251357813"
"davg","3","null","0.07939105619674924"
"davg","3","null","0.07868626524389691"
"davg","3","null","0.075679012501251"
"davg","3","null","0.08112429859877242"
"davg","3","null","0.07698900785789455"
"davg","3","null","0.07922889979219057"
"davg","3","null","0.08094613211843864"
"davg","3","null","0.07844174107507931"
"davg","3","null","0.07703321604764049"
"davg","3","null","0.0792846235862395"
"davg","3","null","0.08403189669304678"
"davg","3","null","0.07709282579677473"
"davg","3","null","0.0806013508412772"
"davg","3","null","0.08003084379707134"
"davg","3","null","0.07565829184209168"
"davg","3","null","0.07951348187614186"
"davg","3","null","0.07740124537669851"
"davg","3","null","0.08148979541768775"
"davg","3","null","0.07512244374701284"
"davg","3","null","0.07771531906443602"
"davg","3","null","0.07397558141564069"
"davg","3","null","0.08031480885749692"
"davg","3","null","0.07524049506876677"
"davg","3","null","0.07929711107201132"
"davg","3","null","0.07535428807208663"
"davg","3","null","0.0750691201388936"
"davg","3","null","0.07754705282300652"
"davg","3","null","0.07824036209760156"
"davg","3","null","0.07732669191788273"
"davg","3","null","0.08143152069040362"
"davg","3","null","0.08038270542883946"
"davg","3","null","0.0788734445998247"
"davg","3","null","0.07285959570519203"
"davg","3","null","0.07619064295040395"
"davg","3","null","0.07962626344062984"
"davg","3","null","0.07742995170563059"
"davg","3","null","0.0727981868814162"
"davg","3","null","0.0788340091186731"
"davg","3","null","0.07672024299203889"
"davg","3","null","0.07970707336498839"
"davg","3","null","0.07593949492477392"
"davg","3","null","0.07776155026288907"
"davg","3","null","0.08137558158474874"
"davg","3","null","0.07688884758571762"
"davg","3","null","0.07387157891814242"
"davg","3","null","0.0764263966564683"
"davg","3","null","0.07777712846494353"
"davg","3","null","0.07384626140479683"
"davg","3","null","0.07410360718141625"
"davg","3","null","0.08010343437063677"
"davg","3","null","0.07701115490299897"
"davg","3","null","0.07713223819084383"
"davg","3","null","0.0757773726510513"
"davg","3","null","0.07706139494831041"
"davg","3","null","0.07510243489829267"
"davg","3","null","0.08247573510944965"
"davg","3","null","0.07604874986065338"
"davg","3","null","0.07752521570164916"
"davg","3","null","0.07608344436140803"
"davg","3","null","0.07645750832273412"
"davg","3","null","0.07627313623834275"
"davg","3","null","0.07745210319589685"
"davg","3","null","0.07981455000142157"
"davg","3","null","0.07194797306006077"
"davg","3","null","0.08220152756755818"
"davg","3","null","0.07576290105527136"
"davg","3","null","0.07556745969401145"
"davg","3","null","0.08057686141350816"
"davg","3","null","0.07533993488218346"
"davg","3","null","0.07780693885032401"
"davg","3","null","0.0770946729445098"
"davg","3","null","0.07340362327816945"
"davg","3","null","0.0740724664695842"
"davg","3","null","0.08044320964955101"
"davg","3","null","0.08061594912713659"
"davg","3","null","0.0763335227240039"
"davg","3","null","0.07700506039895227"
"davg","3","null","0.0777489070969219"
"davg","3","null","0.07672754989711414"
"davg","3","null","0.07550758848652671"
"davg","3","null","0.07397277148678615"
"davg","3","null","0.07632389019035622"
"davg","3","null","0.07868662446246248"
"davg","3","null","0.07974406129812053"
"davg","3","null","0.07888783257154686"
"davg","3","null","0.07710780178595579"
"davg","3","null","0.07654184616270542"
"davg","3","null","0.08139373254666019"
"davg","3","null","0.07690459973986809"
"davg","3","null","0.07896701149691174"
"davg","3","null","0.07589310346999807"
"davg","3","null","0.07407972213001565"
"davg","3","null","0.07702795884674611"
"davg","3","null","0.07579357793031945"
"davg","3","null","0.08036801705999239"
"davg","3","null","0.07673824577661371"
"davg","3","null","0.07629640565730311"
"davg","3","null","0.07638444477093675"
"davg","3","null","0.0777232475683797"
"davg","3","null","0.08220904748788105"
"davg","3","null","0.07502621205867946"
"davg","3","null","0.07501429423639673"
"davg","3","null","0.07715794423232315"
"davg","3","null","0.07973185855837228"
"davg","3","null","0.07549519247089814"
"davg","3","null","0.07592263724548949"
"davg","3","null","0.07305906538916276"
"davg","3","null","0.07925010799945335"
"davg","3","null","0.08176604732399047"
"davg","3","null","0.07561546665174033"
"davg","3","null","0.07553803336372979"
"davg","3","null","0.07803751182140686"
"davg","3","null","0.07471403388676053"
"davg","3","null","0.07474764385284771"
"davg","3","null","0.07729414412439083"
"davg","3","null","0.0751767160660256"
"davg","3","null","0.07811129057951398"
"davg","3","null","0.07542246480678394"
"davg","3","null","0.07312484662937413"
"davg","3","null","0.07846499455208691"
"davg","3","null","0.07395889861920982"
"davg","3","null","0.07980573508357139"
"davg","3","null","0.08053622166163694"
"davg","3","null","0.07652874393248478"
"davg","3","null","0.0740050493481914"
"davg","3","null","0.07540496473479416"
"davg","3","null","0.07803630634869468"
"davg","3","null","0.07334459831934848"
"davg","3","null","0.07790655917956144"
"davg","3","null","0.08038925191773315"
"davg","3","null","0.0742045227823862"
"davg","3","null","0.07572115473876667"
"davg","3","null","0.0796404452956213"
"davg","3","null","0.07953130983441056"
"davg","3","null","0.07971830169162625"
"davg","3","null","0.07996104004231464"
"davg","3","null","0.0806581971370936"
"davg","3","null","0.07372807517665683"
"davg","3","null","0.07496456987480601"
"davg","3","null","0.07848210338650284"
"davg","3","null","0.07331669627245006"
"davg","3","null","0.07839116244331215"
"davg","3","null","0.07594071452530848"
"davg","3","null","0.0717701782389267"
"davg","3","null","0.07588531251541843"
"davg","3","null","0.08013774708943125"
"davg","3","null","0.07649718947487623"
"davg","3","null","0.07996837352272357"
"davg","3","null","0.07550374298393464"
"davg","3","null","0.07698338023951332"
"davg","3","null","0.0741449555548076"
"davg","3","null","0.07643155495664687"
"davg","3","null","0.0766378768746825"
"davg","3","null","0.07738154923357035"
"davg","3","null","0.08052296571018681"
"davg","3","null","0.07767843052678902"
"davg","3","null","0.07759287151240729"
"davg","3","null","0.07973790242800179"
"davg","3","null","0.08519124097815428"
"davg","3","null","0.07554826916700398"
"davg","3","null","0.07635175478741733"
"davg","3","null","0.07326660179500281"
"davg","3","null","0.07976204364426936"
"davg","3","null","0.0785431188006834"
"davg","3","null","0.07600980649086153"
"davg","3","null","0.07742039539155214"
"davg","3","null","0.07637340786548862"
"davg","3","null","0.07819066967176043"
"davg","3","null","0.07972170495911451"
"davg","3","null","0.08337630925379802"
"davg","3","null","0.0762243567834016"
"davg","3","null","0.07529134342844108"
"davg","3","null","0.07668070506823585"
"davg","3","null","0.07771000694557151"
"davg","3","null","0.07404630985363167"
"davg","3","null","0.08010763190156013"
"davg","3","null","0.07207095352818903"
"davg","3","null","0.07837440953458774"
"davg","3","null","0.07773819086630687"
"davg","3","null","0.07641700288226488"
"davg","3","null","0.07919803981424964"
"davg","3","null","0.08044433350392245"
"davg","3","null","0.07612271470033756"
"davg","3","null","0.07131317963341725"
"davg","3","null","0.08093081220031104"
"davg","3","null","0.08042246890172834"
"davg","3","null","0.07464245758583889"
"davg","3","null","0.07832930104977139"
"davg","3","null","0.07578415941676617"
"davg","3","null","0.07925956960524759"
"davg","3","null","0.07802081485139187"
"davg","3","null","0.07625451618958917"
"davg","3","null","0.07832348121215203"
"davg","3","null","0.08078650905168175"
"davg","3","null","0.07392721091524111"
"davg","3","null","0.0800068403633"
"davg","3","null","0.07574766123645794"
"davg","3","null","0.07754897194539159"
"davg","3","null","0.07877916761252042"
"davg","3","null","0.0783518287451231"
"davg","3","null","0.07522462514145692"
"davg","3","null","0.07541011737964301"
"davg","3","null","0.07648909369239075"
"davg","3","null","0.08112315758929527"
"davg","3","null","0.07795335151937557"
"davg","3","null","0.07963422400292545"
"davg","3","null","0.08200533457901608"
"davg","3","null","0.07864362133236362"
"davg","3","null","0.07362953910613952"
"davg","3","null","0.0802127982987767"
"davg","3","null","0.07487764092236189"
"davg","3","null","0.08086525736159687"
"davg","3","null","0.0755824468646996"
"davg","3","null","0.08047826130635044"
"davg","3","null","0.07692787886931864"
"davg","3","null","0.07899950258807008"
"davg","3","null","0.07549246739955164"
"davg","3","null","0.08469313329582168"
"davg","3","null","0.07783507208486991"
"davg","3","null","0.0774707566504664"
"davg","3","null","0.07411788242965818"
"davg","3","null","0.07812254516891813"
"davg","3","null","0.0744755469960284"
"davg","3","null","0.07864021805794398"
"davg","3","null","0.07715625965463364"
"davg","3","null","0.07496742483563901"
"davg","3","null","0.07408214679149167"
"davg","3","null","0.07525891060606808"
"davg","3","null","0.07809761821883832"
"davg","3","null","0.07973088074387104"
"davg","3","null","0.07903858681087471"
"davg","3","null","0.07563157661068982"
"davg","3","null","0.08079298748126919"
"davg","3","null","0.07718571550161371"
"davg","3","null","0.0789058694147905"
"davg","3","null","0.0747012551425211"
"davg","3","null","0.07657168953757386"
"davg","3","null","0.07585929927932071"
"davg","3","null","0.0732451835178286"
"davg","3","null","0.07609586703440745"
"davg","3","null","0.07921567275051039"
"davg","3","null","0.07879612019770116"
"davg","3","null","0.07603871833666229"
"davg","3","null","0.07855931160216299"
"davg","3","null","0.07636437686558536"
"davg","3","null","0.07337393310178196"
"davg","3","null","0.07957922929627305"
"davg","3","null","0.07914903757479011"
"davg","3","null","0.07760385973516262"
"davg","3","null","0.08050286704151864"
"davg","3","null","0.08367566354169867"
"davg","3","null","0.07450553815205788"
"davg","3","null","0.07900443460090802"
"davg","3","null","0.08386620435325573"
"davg","3","null","0.08289407368041926"
"davg","3","null","0.07338104842894197"
"davg","3","null","0.07936850233588265"
"davg","3","null","0.07732948555263121"
"davg","3","null","0.0796368347864304"
"davg","3","null","0.0755616127750726"
"davg","3","null","0.07296885715644065"
"davg","3","null","0.08147996246340371"
"davg","3","null","0.07719703173107914"
"davg","3","null","0.07826009509553826"
"davg","3","null","0.07666932922688743"
"davg","3","null","0.08053924573044019"
"davg","3","null","0.08085311136251455"
"davg","3","null","0.07945794116720876"
"davg","3","null","0.07703818377302465"
"davg","3","null","0.07661465732847589"
"davg","3","null","0.0762562402253272"
"davg","3","null","0.07267503595655604"
"davg","3","null","0.0759357247964533"
"davg","3","null","0.07856906115206151"
"davg","3","null","0.0766217815252961"
"davg","3","null","0.07645275384731896"
"davg","3","null","0.07689134223625403"
"davg","3","null","0.0781320419715094"
"davg","3","null","0.07659740222642514"
"davg","3","null","0.08037554945605656"
"davg","3","null","0.07885337606332243"
"davg","3","null","0.07772379239775534"
"davg","3","null","0.07783573175611586"
"davg","3","null","0.07909914505608158"
"davg","3","null","0.07559727820451573"
"davg","3","null","0.07823088115480667"
"davg","3","null","0.07590002604985202"
"davg","3","null","0.07397326423821231"
"davg","3","null","0.07762923501663116"
"davg","3","null","0.07864946352931661"
"davg","3","null","0.07975841902781862"
"davg","3","null","0.08269399305110717"
"davg","3","null","0.08291801905958447"
"davg","3","null","0.07578937594399507"
"davg","3","null","0.07979031884181004"
"davg","3","null","0.07546397986478864"
"davg","3","null","0.08027753319362103"
"davg","3","null","0.07633678239612599"
"davg","3","null","0.07389581127940427"
"davg","3","null","0.0762112154172784"
"davg","3","null","0.07861829785462884"
"davg","3","null","0.07364184550728069"
"davg","3","null","0.0805155502445873"
"davg","3","null","0.07577812954500425"
"davg","3","null","0.0723868767284516"
"davg","3","null","0.07512363754530953"
"davg","3","null","0.07399067696630404"
"davg","3","null","0.07796421001375893"
"davg","3","null","0.07646672184666328"
"davg","3","null","0.08024179853818485"
"davg","3","null","0.0790606540533323"
"davg","3","null","0.07495700657219419"
"davg","3","null","0.08018712631337499"
"davg","3","null","0.07473078374510292"
"davg","3","null","0.07815522114763929"
"davg","3","null","0.08107462244673293"
"davg","3","null","0.07576630643692925"
"davg","3","null","0.07775375433132263"
"davg","3","null","0.08139231224192596"
"davg","3","null","0.07510147743484383"
"davg","3","null","0.07881628608641184"
"davg","3","null","0.07581862929044278"
"davg","3","null","0.08113009697394596"
"davg","3","null","0.07645948049412868"
"davg","3","null","0.07814789777824081"
"davg","3","null","0.0788767059820489"
"davg","3","null","0.07995387072476894"
"davg","3","null","0.08029208103684918"
"davg","3","null","0.07648564228788289"
"davg","3","null","0.07047378662648632"
"davg","3","null","0.07433382013160493"
"davg","3","null","0.07445811962059454"
"davg","3","null","0.07395362521132694"
"davg","3","null","0.07884816434023777"
"davg","3","null","0.0773930765619864"
"davg","3","null","0.07864353625671729"
"davg","3","null","0.07458541932167422"
"davg","3","null","0.07247230371862406"
"davg","3","null","0.07631220622688902"
"davg","3","null","0.07923097224887438"
"davg","3","null","0.07843336321981453"
"davg","3","null","0.07741233626831191"
"davg","3","null","0.08259222942529859"
"davg","3","null","0.0723023883098766"
"davg","3","null","0.07677139206797368"
"davg","3","null","0.08025373236625118"
"davg","3","null","0.07331700515344332"
"davg","3","null","0.0768546234413232"
"davg","3","null","0.0796121286378392"
"davg","3","null","0.08009370494670354"
"davg","3","null","0.07569266295573301"
"davg","3","null","0.07704313388714656"
"davg","3","null","0.07405291083296173"
"davg","3","null","0.07890621555484761"
"davg","3","null","0.07380100167007825"
"davg","3","null","0.07658861473618461"
"davg","3","null","0.07760321395020524"
"davg","3","null","0.07728382915861337"
"davg","3","null","0.07350272870752911"
"davg","3","null","0.07541767566181261"
"davg","3","null","0.07991366608969637"
"davg","3","null","0.07317491479113386"
"davg","3","null","0.07481014157776598"
"davg","3","null","0.0791039193691302"
"davg","3","null","0.07781809801395304"
"davg","3","null","0.07755010838944637"
"davg","3","null","0.0758276868553164"
"davg","3","null","0.07557997964795647"
"davg","3","null","0.079895851231124"
"davg","3","null","0.07383482627963937"
"davg","3","null","0.07190155870782712"
"davg","3","null","0.07686394563928413"
"davg","3","null","0.07826715069502138"
"davg","3","null","0.0727325445616369"
"davg","3","null","0.07859952229685704"
"davg","3","null","0.07618402546263582"
"davg","3","null","0.07453043475563567"
"davg","3","null","0.07530950306953618"
"davg","3","null","0.07477930930494427"
"davg","3","null","0.07591349863234091"
"davg","3","null","0.07917649363311142"
"davg","3","null","0.07590315764724616"
"davg","3","null","0.07009927361670275"
"davg","3","null","0.08107123520131071"
"davg","3","null","0.08040537644006886"
"davg","3","null","0.0751349451665209"
"davg","3","null","0.07457286801233877"
"davg","3","null","0.0764768459636756"
"davg","3","null","0.07678068854692724"
"davg","3","null","0.07596237065881278"
"davg","3","null","0.07774693568950437"
"davg","3","null","0.07996596579063078"
"davg","3","null","0.07725595273210578"
"davg","3","null","0.07836593376072395"
"davg","3","null","0.0786462121249651"
"davg","3","null","0.07941048046693223"
"davg","3","null","0.08076433364839765"
"davg","3","null","0.07803103544280829"
"davg","3","null","0.07223867015416352"
"davg","3","null","0.07902313193321447"
"davg","3","null","0.07739401950014944"
"davg","3","null","0.07980837677125355"
"davg","3","null","0.07546222664075616"
"davg","3","null","0.07642951695314115"
"davg","3","null","0.07233325139059862"
"davg","3","null","0.0778576611438086"
"davg","3","null","0.07820958911251766"
"davg","3","null","0.07701003399776202"
"davg","3","null","0.07595136596488065"
"davg","3","null","0.07437946445240497"
"davg","3","null","0.07568700943959839"
"davg","3","null","0.07544830160118111"
"davg","3","null","0.0776802181850703"
"davg","3","null","0.07467189448767113"
"davg","3","null","0.07607026251745548"
"davg","3","null","0.07164037772226968"
"davg","3","null","0.07966068347796329"
"davg","3","null","0.08024655970383097"
"davg","3","null","0.07913748516550716"
"davg","3","null","0.07625460871334111"
"davg","3","null","0.07999264272277395"
"davg","3","null","0.07566587055069254"
"davg","3","null","0.07405095888060735"
"davg","3","null","0.07918891861368527"
"davg","3","null","0.07507670210598116"
"davg","3","null","0.06920257809012242"
"davg","3","null","0.07896895571165521"
"davg","3","null","0.07811083997657586"
"davg","3","null","0.07717417084705126"
"davg","3","null","0.07718093478127001"
"davg","3","null","0.07756184202725466"
"davg","3","null","0.07882653036837406"
"davg","3","null","0.07951969069297501"
"davg","3","null","0.07374594041925522"
"davg","3","null","0.07893593144252105"
"davg","3","null","0.07571479627263583"
"davg","3","null","0.07703607689797902"
"davg","3","null","0.07571116283827693"
"davg","3","null","0.07582704760646869"
"davg","3","null","0.07894861689878763"
"davg","3","null","0.07954841120868694"
"davg","3","null","0.0812337234660843"
"davg","3","null","0.07789552575664999"
"davg","3","null","0.07538722763002866"
"davg","3","null","0.07841961912600441"
"davg","3","null","0.08308788461964292"
"davg","3","null","0.07765608332754638"
"davg","3","null","0.07496675858158208"
"davg","3","null","0.08223666632131091"
"davg","3","null","0.07670365436196984"
"davg","3","null","0.0729169797822183"
"davg","3","null","0.08201442146520697"
"davg","3","null","0.07702444143631967"
"davg","3","null","0.08226634421435389"
"davg","3","null","0.07726712714565534"
"davg","3","null","0.07628684531725317"
"davg","3","null","0.08192567946270551"
"davg","3","null","0.07912605174761538"
"davg","3","null","0.07459598440775767"
"davg","3","null","0.08025451721219687"
"davg","3","null","0.07102764379302971"
"davg","3","null","0.0744677743755512"
"davg","3","null","0.07642014005038766"
"davg","3","null","0.07515351369766832"
"davg","3","null","0.07486441104311531"
"davg","3","null","0.07478735112530444"
"davg","3","null","0.07610236071219775"
"davg","3","null","0.07223712732846833"
"davg","3","null","0.07819950621439642"
"davg","3","null","0.08260572909466736"
"davg","3","null","0.07747829421688385"
"davg","3","null","0.07853944051914938"
"davg","3","null","0.07187257724406088"
"davg","3","null","0.06858114813282495"
"davg","3","null","0.07635478939702733"
"davg","3","null","0.08106141883832602"
"davg","3","null","0.07990083408101027"
"davg","3","null","0.07821689306305943"
"davg","3","null","0.0793727143185638"
"davg","3","null","0.07444791205714686"
"davg","3","null","0.07917216697125694"
"davg","3","null","0.07488994854625236"
"davg","3","null","0.07577058610205352"
"davg","3","null","0.07591513685460717"
"davg","3","null","0.07612519044060798"
"davg","3","null","0.07984606481330161"
"davg","3","null","0.08192017068814153"
"davg","3","null","0.0781439227229201"
"davg","3","null","0.08088137582028071"
"davg","3","null","0.0804310110003448"
"davg","3","null","0.07706939672535285"
"davg","3","null","0.07912047359309234"
"davg","3","null","0.07133548467946076"
"davg","3","null","0.08086953762183934"
"davg","3","null","0.07850581844809291"
"davg","3","null","0.07809821475120776"
"davg","3","null","0.0751041054337157"
"davg","3","null","0.07603475000292824"
"davg","3","null","0.07517048538288003"
"davg","3","null","0.07979314751667978"
"davg","3","null","0.07995896816297336"
"davg","3","null","0.07619355645509764"
"davg","3","null","0.076643620620579"
"davg","3","null","0.08087620048606507"
"davg","3","null","0.0775118510379671"
"davg","3","null","0.07234291323191516"
"davg","3","null","0.07829691705881574"
"davg","3","null","0.07950784430350956"
"davg","3","null","0.07906835536554105"
"davg","3","null","0.08136415637792024"
"davg","3","null","0.07898256210502701"
"davg","3","null","0.0738698296085682"
"davg","3","null","0.07752766866020186"
"davg","3","null","0.07888138748440819"
"davg","3","null","0.0753173465638584"
"davg","3","null","0.07591299682682734"
"davg","3","null","0.0795040430387587"
"davg","3","null","0.08267130480483892"
"davg","3","null","0.08217267055176032"
"davg","3","null","0.07452884862065563"
"davg","3","null","0.07670907481633651"
"davg","3","null","0.07551089762131974"
"davg","3","null","0.07750413415698959"
"davg","3","null","0.07197846695662888"
"davg","3","null","0.0775308119231584"
"davg","3","null","0.07481960425539176"
"davg","3","null","0.07330177034406686"
"davg","3","null","0.07405471364878133"
"davg","3","null","0.07758268714841403"
"davg","3","null","0.07639789479233143"
"davg","3","null","0.08151499613110696"
"davg","3","null","0.07593207758749912"
"davg","3","null","0.07411591332304698"
"davg","3","null","0.07487816962550317"
"davg","3","null","0.0754953512310441"
"davg","3","null","0.08194162523597946"
"davg","3","null","0.07631265889999939"
"davg","3","null","0.07966036414430028"
"davg","3","null","0.08101008497563128"
"davg","3","null","0.08068350809787943"
"davg","3","null","0.0761112784947516"
"davg","3","null","0.07692103771821816"
"davg","3","null","0.080453684155418"
"davg","3","null","0.07417761957321742"
"davg","3","null","0.07441932080963518"
"davg","3","null","0.0753388794199632"
"davg","3","null","0.07740129194386197"
"davg","3","null","0.08194402791476019"
"davg","3","null","0.07997119605926384"
"davg","3","null","0.07285437562653381"
"davg","3","null","0.08158851129363544"
"davg","3","null","0.0802406020447538"
"davg","3","null","0.07850915881076526"
"davg","3","null","0.07788360089263188"
"davg","3","null","0.07285249819741052"
"davg","3","null","0.07775526277226806"
"davg","3","null","0.07905692341682291"
"davg","3","null","0.07903626223496608"
"davg","3","null","0.08126908966589282"
"davg","3","null","0.07572517934326987"
"davg","3","null","0.07059335444478139"
"davg","3","null","0.07825677096540383"
"davg","3","null","0.07654621653407641"
"davg","3","null","0.0756892680406071"
"davg","3","null","0.07462174856537286"
"davg","3","null","0.07380967490489117"
"davg","3","null","0.0817114568627209"
"davg","3","null","0.07623705187585388"
"davg","3","null","0.07627624712916391"
"davg","3","null","0.07083652853089176"
"davg","3","null","0.07583611183729917"
"davg","3","null","0.07103333490315179"
"davg","3","null","0.07569907132291943"
"davg","3","null","0.07915957117344545"
"davg","3","null","0.08191372158616135"
"davg","3","null","0.07818346243577663"
"davg","3","null","0.07791365485447452"
"davg","3","null","0.07371062088918719"
"davg","3","null","0.07864439712583204"
"davg","3","null","0.0802494607558797"
"davg","3","null","0.07602041642162952"
"davg","3","null","0.07590933281048297"
"davg","3","null","0.07555682621008934"
"davg","3","null","0.07952121514704476"
"davg","3","null","0.0769285408858452"
"davg","3","null","0.07904497908261368"
"davg","3","null","0.07596574935779038"
"davg","3","null","0.08220614475927344"
"davg","3","null","0.08322244928168229"
"davg","3","null","0.07721462997647016"
"davg","3","null","0.07506009030396603"
"davg","3","null","0.07938032400373507"
"davg","3","null","0.07922590389852899"
"davg","3","null","0.0760221261476373"
"davg","3","null","0.07616985882030139"
"davg","3","null","0.08237570026784345"
"davg","3","null","0.07401993866643805"
"davg","3","null","0.07738802037638548"
"davg","3","null","0.08077717317434022"
"davg","3","null","0.07149652597251803"
"davg","3","null","0.08659534956762828"
"davg","3","null","0.08162723066678566"
"davg","3","null","0.07467580260188568"
"davg","3","null","0.07349831585552132"
"davg","3","null","0.07802321777705451"
"davg","3","null","0.08033600165259874"
"davg","3","null","0.0805244241115825"
"davg","3","null","0.0755119130123424"
"davg","3","null","0.07678309645171837"
"davg","3","null","0.08145890703556774"
"davg","3","null","0.08335741017897258"
"davg","3","null","0.07392005256326978"
"davg","3","null","0.08011504058277634"
"davg","3","null","0.0751014962494858"
"davg","3","null","0.07917006397757959"
"davg","3","null","0.078808307184036"
"davg","3","null","0.07434524709018675"
"davg","3","null","0.07623665433942822"
"davg","3","null","0.07843464906477289"
"davg","3","null","0.07226687649660578"
"davg","3","null","0.07930204527091524"
"davg","3","null","0.08022195233917133"
"davg","3","null","0.07952752108874822"
"davg","3","null","0.08257582252146704"
"davg","3","null","0.07951868114704243"
"davg","3","null","0.0787849994129804"
"davg","3","null","0.0780658917437156"
"davg","3","null","0.08197365894445209"
"davg","3","null","0.07961407844492613"
"davg","3","null","0.08029226751189329"
"davg","3","null","0.08095423282949218"
"davg","3","null","0.0772758790221007"
"davg","3","null","0.07818656391609217"
"davg","3","null","0.0771715986068188"
"davg","3","null","0.07539540540034201"
"davg","3","null","0.07450458311064971"
"davg","3","null","0.07329658539431257"
"davg","3","null","0.08124241361665854"
"davg","3","null","0.07964232264836989"
"davg","3","null","0.07719092790508614"
"davg","3","null","0.07689466644609518"
"davg","3","null","0.0776404985601343"
"davg","3","null","0.0721506171420542"
"davg","3","null","0.08210319417746917"
"davg","3","null","0.0799603347180276"
"davg","3","null","0.08139499313096164"
"davg","3","null","0.08070315801709356"
"davg","3","null","0.07508544003934192"
"davg","3","null","0.07585584387170932"
"davg","3","null","0.08404997921269895"
"davg","3","null","0.07820195052334182"
"davg","3","null","0.07843791197287014"
"davg","3","null","0.07669432203723318"
"davg","3","null","0.07488066874725434"
"davg","3","null","0.07968447103706597"
"davg","3","null","0.07997967367217455"
"davg","3","null","0.07183018082917003"
"davg","3","null","0.07762805747804898"
"davg","3","null","0.0781890681529145"
"davg","3","null","0.07963258656190651"
"davg","3","null","0.07584152757412918"
"davg","3","null","0.07286073758461266"
"davg","3","null","0.07647536156540996"
"davg","3","null","0.07633935458619001"
"davg","3","null","0.07651644717921091"
"davg","3","null","0.07608091888476784"
"davg","3","null","0.07871738946787883"
"davg","3","null","0.0799917078413578"
"davg","3","null","0.07701338186618992"
"davg","3","null","0.07777737365557068"
"davg","3","null","0.07870467332688261"
"davg","3","null","0.07825143540582204"
"davg","3","null","0.06657377381640395"
"davg","3","null","0.08053852331684155"
"davg","3","null","0.0745096810296778"
"davg","3","null","0.07497775851557505"
"davg","3","null","0.07889357759762905"
"davg","3","null","0.08092751367696631"
"davg","3","null","0.07510928702212667"
"davg","3","null","0.07773793324895535"
"davg","3","null","0.0776972356445153"
"davg","3","null","0.08003097309319752"
"davg","3","null","0.07891680368366594"
"davg","3","null","0.07637971888538402"
"davg","3","null","0.07516768456724943"
"davg","3","null","0.07946472432296749"
"davg","3","null","0.08447174088803357"
"davg","3","null","0.07718776715923925"
"davg","3","null","0.07714686406463322"
"davg","3","null","0.07682786453002505"
"davg","3","null","0.07783612257551968"
"davg","3","null","0.07761568612189552"
"davg","3","null","0.07977599874651509"
"davg","3","null","0.07472058159053034"
"davg","3","null","0.07967378678757675"
"davg","3","null","0.08246692601637724"
"davg","3","null","0.08009324047642817"
"davg","3","null","0.0769267914920721"
"davg","3","null","0.08156823739204447"
"davg","3","null","0.07554102084285062"
"davg","3","null","0.08040970508479334"
"davg","3","null","0.0768034525128229"
"davg","3","null","0.07513730749725679"
"davg","3","null","0.07737342200108473"
"davg","3","null","0.0787069710429927"
"davg","3","null","0.07919153241636007"
"davg","3","null","0.081469197618915"
"davg","3","null","0.07415096870700046"
"davg","3","null","0.07858097918501467"
"davg","3","null","0.07737935323673673"
"davg","3","null","0.07406778598393741"
"davg","3","null","0.0785923925659668"
"davg","3","null","0.0773794670772481"
"davg","3","null","0.0771870294752869"
"davg","3","null","0.07496656938708159"
"davg","3","null","0.07359608532499841"
"davg","3","null","0.08001881901151772"
"davg","3","null","0.07727044165272924"
"davg","3","null","0.07834859801290946"
"davg","3","null","0.07856007850965346"
"davg","3","null","0.07599133158032424"
"davg","3","null","0.07713850190046397"
"davg","3","null","0.07405274101592346"
"davg","3","null","0.07877761305747967"
"davg","3","null","0.07993136356564771"
"davg","3","null","0.07523934790321728"
"davg","3","null","0.0766587017419898"
"davg","3","null","0.06687189873280744"
"davg","3","null","0.07859553888886847"
"davg","3","null","0.07762198119628846"
"davg","3","null","0.07651118815136386"
"davg","3","null","0.0766960069823451"
"davg","3","null","0.07369861280886127"
"davg","3","null","0.07751579454730483"
"davg","3","null","0.08042829145605807"
"davg","3","null","0.08071621762701663"
"davg","3","null","0.07829848628592878"
"davg","3","null","0.0726155543073181"
"davg","3","null","0.07447449528480926"
"davg","3","null","0.07623974516949104"
"davg","3","null","0.07528897512200877"
"davg","3","null","0.07599651187431851"
"davg","3","null","0.08101012244669886"
"davg","3","null","0.07648576663587583"
"davg","3","null","0.07863299014488415"
"davg","3","null","0.07780258960304405"
"davg","3","null","0.07542710242015747"
"davg","3","null","0.08101975578957615"
"davg","3","null","0.07886857110352334"
"davg","3","null","0.07850524071458957"
"davg","3","null","0.0708984912000062"
"davg","3","null","0.07695567704652176"
"davg","3","null","0.07619426127962162"
"davg","3","null","0.08283571532908367"
"davg","3","null","0.07973310318563798"
"davg","3","null","0.08332689075852884"
"davg","3","null","0.07880291618497579"
"davg","3","null","0.08067677599901218"
"davg","3","null","0.07718447515129631"
"davg","3","null","0.07652183355071243"
"davg","3","null","0.07511471524594893"
"davg","3","null","0.07852961543555016"
"davg","3","null","0.0743426155349529"
"davg","3","null","0.07817964619618119"
"davg","3","null","0.0721055619813614"
"davg","3","null","0.07990595395334704"
"davg","3","null","0.07748188338799675"
"davg","3","null","0.0779285137969135"
"davg","3","null","0.07551867753668504"
"davg","3","null","0.07748859660156775"
"davg","3","null","0.07815906651527443"
"davg","3","null","0.07874537901115185"
"davg","3","null","0.08003969194194774"
"davg","3","null","0.08103723641906009"
"davg","3","null","0.07561068230216915"
"davg","3","null","0.07468340567345436"
"davg","3","null","0.07440524501125564"
"davg","3","null","0.07889982442614464"
"davg","3","null","0.07984038211335492"
"davg","3","null","0.07949111732607937"
"davg","3","null","0.08173345335235982"
"davg","3","null","0.07895682550302208"
"davg","3","null","0.0733624932508127"
"davg","3","null","0.08062542694105222"
"davg","3","null","0.07991818457673017"
"davg","3","null","0.07649789227685418"
"davg","3","null","0.07279136884099857"
"davg","3","null","0.07819519793698924"
"davg","3","null","0.07763242322900996"
"davg","3","null","0.0767356283425636"
"davg","3","null","0.07267739199151803"
"davg","3","null","0.07606282583132201"
"davg","3","null","0.07999170585833221"
"davg","3","null","0.07488698849689604"
"davg","3","null","0.08110059804975728"
"davg","3","null","0.07664956383148849"
"davg","3","null","0.07668631674070026"
"davg","3","null","0.08128610014102926"
"davg","3","null","0.07638021053569959"
"davg","3","null","0.07592978645701343"
"davg","3","null","0.07780313351225034"
"davg","3","null","0.07453977763378053"
"davg","3","null","0.07871221557251762"
"davg","3","null","0.08035009461007886"
"davg","3","null","0.07991480579957026"
"davg","3","null","0.07830498571968472"
"davg","3","null","0.07954679863800967"
"davg","3","null","0.07466914051830507"
"davg","3","null","0.08202054703251131"
"davg","3","null","0.07783319905613652"
"davg","3","null","0.07575614464978017"
"davg","3","null","0.07341000261216679"
"davg","3","null","0.07704765369765253"
"davg","3","null","0.07523259037637431"
"davg","3","null","0.07872501153780476"
"davg","3","null","0.07612759000962989"
"davg","3","null","0.07908393564920387"
"davg","3","null","0.07544998206975073"
"davg","3","null","0.07643030588593815"
"davg","3","null","0.07559448046560652"
"davg","3","null","0.07889526009371163"
"davg","3","null","0.07798188187909819"
"davg","3","null","0.07530659870149557"
"davg","3","null","0.07785585037179038"
"davg","3","null","0.07938979502662093"
"davg","3","null","0.07605600379873961"
"davg","3","null","0.07858551116689422"
"davg","3","null","0.07437475593674138"
"davg","3","null","0.07840492762189273"
"davg","3","null","0.07649435003267444"
"davg","3","null","0.07907388507670564"
"davg","3","null","0.073256662573595"
"davg","3","null","0.08199896314229141"
"davg","3","null","0.0813986982721872"
"davg","3","null","0.07726878104608921"
"davg","3","null","0.07547724180658653"
"davg","3","null","0.08195180625656123"
"davg","3","null","0.0739655476148005"
"davg","3","null","0.07760837990115042"
"davg","3","null","0.07664141110646504"
"davg","3","null","0.07126111139409914"
"davg","3","null","0.07879031947774479"
"davg","3","null","0.07609584676065942"
"davg","3","null","0.07427960096501424"
"davg","3","null","0.07579951083154811"
"davg","3","null","0.07719090626921181"
"davg","3","null","0.07653674527513528"
"davg","3","null","0.07967301892388494"
"davg","3","null","0.07950135921016749"
"davg","3","null","0.07867666635002442"
"davg","3","null","0.07888679838255752"
"davg","3","null","0.07472706671788187"
"davg","3","null","0.07684986014613174"
"davg","3","null","0.07490161033192531"
"davg","3","null","0.07745248139382145"
"davg","3","null","0.08309729101585304"
"davg","3","null","0.07754412513734567"
"davg","3","null","0.07817469914147385"
"davg","3","null","0.08206715237326628"
"davg","3","null","0.07794110719511657"
"davg","3","null","0.08145218306929845"
"davg","3","null","0.07737180122972763"
"davg","3","null","0.07777240843467234"
"davg","3","null","0.07830489515269252"
"davg","3","null","0.07759063354212388"
"davg","3","null","0.07812427761399283"
"davg","3","null","0.08154431904897803"
"davg","3","null","0.0825929653091245"
"davg","3","null","0.07408629912090234"
"davg","3","null","0.07076825054915423"
"davg","3","null","0.07768914104057802"
"davg","3","null","0.07608429495033406"
"davg","3","null","0.07275414571777661"
"davg","3","null","0.0776442796810528"
"davg","3","null","0.0772464613453263"
"davg","3","null","0.07894184086980106"
"davg","3","null","0.08056431379978442"
"davg","3","null","0.07954721331096949"
"davg","3","null","0.07888904074044965"
"davg","3","null","0.07333295940205498"
"davg","3","null","0.07675583534683633"
"davg","3","null","0.07812414048707765"
"davg","3","null","0.07572142466247973"
"davg","3","null","0.0734630198694839"
"davg","3","null","0.07830081373602199"
"davg","3","null","0.07801875281272969"
"davg","3","null","0.07250905673647856"
"davg","3","null","0.07870764995561787"
"davg","3","null","0.07925198939072446"
"davg","3","null","0.07489194812885817"
"davg","3","null","0.08230609791596583"
"davg","3","null","0.07821721506135798"
"davg","3","null","0.07860223150261261"
"davg","3","null","0.07262864093814221"
"davg","3","null","0.07902132235948338"
"davg","3","null","0.07647992571945013"
"davg","3","null","0.07946024966904326"
"davg","3","null","0.08068003262992386"
"davg","3","null","0.07624462680202429"
"davg","3","null","0.07939441181104365"
"davg","3","null","0.07286007977683952"
"davg","3","null","0.08010441025411491"
"davg","3","null","0.08187490059627693"
"davg","3","null","0.07768207331071367"
"davg","3","null","0.08139192589140665"
"davg","3","null","0.08102133734110614"
"davg","3","null","0.07345946908859183"
"davg","3","null","0.07769088948966439"
"davg","3","null","0.07956346046812762"
"davg","3","null","0.08330096308953813"
"davg","3","null","0.0812068299106665"
"davg","3","null","0.07538670496567768"
"davg","3","null","0.07674027870638063"
"davg","3","null","0.07706170208538812"
"davg","3","null","0.0814620420090168"
"davg","3","null","0.0762113905687622"
"davg","3","null","0.07689306420078075"
"davg","3","null","0.07531185617669629"
"davg","3","null","0.07852647917703601"
"davg","3","null","0.0777984339964936"
"davg","3","null","0.07756689037986625"
"davg","3","null","0.07892652615571377"
"davg","3","cluster","0.011913528065659464"
"davg","3","cluster","0.011219756446865596"
"davg","3","cluster","0.007889947231022508"
"davg","3","cluster","0.010411063860295569"
"davg","3","cluster","0.010648479246734028"
"davg","3","cluster","0.010405753982430519"
"davg","3","cluster","0.0116961052736538"
"davg","3","cluster","0.011873277633100728"
"davg","3","cluster","0.011425074176080765"
"davg","3","cluster","0.008529658564348798"
"davg","3","cluster","0.010895323297721256"
"davg","3","cluster","0.010270621401013258"
"davg","3","cluster","0.010503186114408489"
"davg","3","cluster","0.010618462108743686"
"davg","3","cluster","0.009699575353963503"
"davg","3","cluster","0.008932495694620665"
"davg","3","cluster","0.010994003788984767"
"davg","3","cluster","0.010547697782389795"
"davg","3","cluster","0.010525645305428422"
"davg","3","cluster","0.01066905387489839"
"davg","3","cluster","0.009766362327915475"
"davg","3","cluster","0.006900666569319417"
"davg","3","cluster","0.011750867716508927"
"davg","3","cluster","0.009985562045052517"
"davg","3","cluster","0.010384913829735117"
"davg","3","cluster","0.01117410954307126"
"davg","3","cluster","0.010709573847603555"
"davg","3","cluster","0.011782458774263465"
"davg","3","cluster","0.00921280820895254"
"davg","3","cluster","0.011212871511773642"
"davg","3","cluster","0.012016575015498895"
"davg","3","cluster","0.00847537684161634"
"davg","3","cluster","0.010455180692399101"
"davg","3","cluster","0.010853635718053194"
"davg","3","cluster","0.010281572524814897"
"davg","3","cluster","0.01053818758921312"
"davg","3","cluster","0.012379285225362737"
"davg","3","cluster","0.011384427562041307"
"davg","3","cluster","0.011016412360514417"
"davg","3","cluster","0.010909501876858614"
"davg","3","cluster","0.010944313736007542"
"davg","3","cluster","0.010605272511036538"
"davg","3","cluster","0.011633270366679913"
"davg","3","cluster","0.011284884945724709"
"davg","3","cluster","0.01118982149519411"
"davg","3","cluster","0.010328936057409952"
"davg","3","cluster","0.011068129227707857"
"davg","3","cluster","0.010998111335655324"
"davg","3","cluster","0.0098934231953918"
"davg","3","cluster","0.009944237130837027"
"davg","3","cluster","0.009626000084683874"
"davg","3","cluster","0.010858397940142706"
"davg","3","cluster","0.010006783203980844"
"davg","3","cluster","0.009932301984514728"
"davg","3","cluster","0.01005369752453208"
"davg","3","cluster","0.010836818929819934"
"davg","3","cluster","0.011623484365318444"
"davg","3","cluster","0.010923150279761332"
"davg","3","cluster","0.010955835206036652"
"davg","3","cluster","0.011154172056572497"
"davg","3","cluster","0.01040696651059263"
"davg","3","cluster","0.01188487582861651"
"davg","3","cluster","0.010689044796697323"
"davg","3","cluster","0.010454298204771733"
"davg","3","cluster","0.009600074693079615"
"davg","3","cluster","0.011193905081268695"
"davg","3","cluster","0.011378039989853296"
"davg","3","cluster","0.01119020935900782"
"davg","3","cluster","0.008730292535577798"
"davg","3","cluster","0.009194361718592453"
"davg","3","cluster","0.011454539537139907"
"davg","3","cluster","0.011844854082350769"
"davg","3","cluster","0.01126040251128873"
"davg","3","cluster","0.009660854613083329"
"davg","3","cluster","0.00983509364729534"
"davg","3","cluster","0.011036837891039777"
"davg","3","cluster","0.010372647716139447"
"davg","3","cluster","0.010661365754702166"
"davg","3","cluster","0.011334232421054437"
"davg","3","cluster","0.006880900476838415"
"davg","3","cluster","0.011119967623257072"
"davg","3","cluster","0.010267422384238051"
"davg","3","cluster","0.011167593217795056"
"davg","3","cluster","0.011865101744061388"
"davg","3","cluster","0.010280943163491494"
"davg","3","cluster","0.010719933494998612"
"davg","3","cluster","0.010493821071024569"
"davg","3","cluster","0.00953831599149563"
"davg","3","cluster","0.011364010862411258"
"davg","3","cluster","0.010833954986107319"
"davg","3","cluster","0.010495538381836072"
"davg","3","cluster","0.011660691436411184"
"davg","3","cluster","0.011371999606356787"
"davg","3","cluster","0.010088031025856613"
"davg","3","cluster","0.009775019576789239"
"davg","3","cluster","0.009866594199678124"
"davg","3","cluster","0.010675636344935926"
"davg","3","cluster","0.010239776122803555"
"davg","3","cluster","0.010484682877133911"
"davg","3","cluster","0.010079776222372279"
"davg","3","cluster","0.011748326537763589"
"davg","3","cluster","0.010749981957599034"
"davg","3","cluster","0.010306869413181064"
"davg","3","cluster","0.011927587837835301"
"davg","3","cluster","0.010119404107135266"
"davg","3","cluster","0.011169481958267787"
"davg","3","cluster","0.009548738966576908"
"davg","3","cluster","0.010845684192964961"
"davg","3","cluster","0.011184439255858974"
"davg","3","cluster","0.009689986948722647"
"davg","3","cluster","0.01050055295410739"
"davg","3","cluster","0.011377779291680913"
"davg","3","cluster","0.01137056093697843"
"davg","3","cluster","0.011277895161921427"
"davg","3","cluster","0.010286603681292741"
"davg","3","cluster","0.010674670971295146"
"davg","3","cluster","0.009922513668073014"
"davg","3","cluster","0.010472337312228084"
"davg","3","cluster","0.00954168689791237"
"davg","3","cluster","0.011427048382952009"
"davg","3","cluster","0.010658417727511525"
"davg","3","cluster","0.010162836827101002"
"davg","3","cluster","0.011475362072800123"
"davg","3","cluster","0.010709183708007749"
"davg","3","cluster","0.010423263316677003"
"davg","3","cluster","0.00923232753470449"
"davg","3","cluster","0.010327376677646436"
"davg","3","cluster","0.010531884988348601"
"davg","3","cluster","0.00981786014561114"
"davg","3","cluster","0.011892006082645314"
"davg","3","cluster","0.010968438516367847"
"davg","3","cluster","0.012034696135525482"
"davg","3","cluster","0.009295999706048773"
"davg","3","cluster","0.009722235097973087"
"davg","3","cluster","0.011339603804278413"
"davg","3","cluster","0.01189008791867338"
"davg","3","cluster","0.010731946629346114"
"davg","3","cluster","0.01008321630469431"
"davg","3","cluster","0.010947792472548538"
"davg","3","cluster","0.011435888330928996"
"davg","3","cluster","0.01110298226739506"
"davg","3","cluster","0.010815534384242351"
"davg","3","cluster","0.009080614544065167"
"davg","3","cluster","0.009499264138827308"
"davg","3","cluster","0.010435222358326215"
"davg","3","cluster","0.009904196958678675"
"davg","3","cluster","0.0102483966956926"
"davg","3","cluster","0.011502811541859748"
"davg","3","cluster","0.010977359363850563"
"davg","3","cluster","0.011478458880149282"
"davg","3","cluster","0.010977278026252651"
"davg","3","cluster","0.011001788420553639"
"davg","3","cluster","0.00992971379303725"
"davg","3","cluster","0.011558754019495632"
"davg","3","cluster","0.01095142093688134"
"davg","3","cluster","0.01122330519852474"
"davg","3","cluster","0.01165245715795632"
"davg","3","cluster","0.009905816360051962"
"davg","3","cluster","0.01220609838407582"
"davg","3","cluster","0.01162953192738639"
"davg","3","cluster","0.009908875795460797"
"davg","3","cluster","0.010656195128731331"
"davg","3","cluster","0.010746020812597297"
"davg","3","cluster","0.010934709432466909"
"davg","3","cluster","0.010503061609955028"
"davg","3","cluster","0.009772237783305266"
"davg","3","cluster","0.010308533977695915"
"davg","3","cluster","0.011298132342039484"
"davg","3","cluster","0.01059242852404267"
"davg","3","cluster","0.0091858625866317"
"davg","3","cluster","0.010622092928477109"
"davg","3","cluster","0.011151255230734075"
"davg","3","cluster","0.010623479124919956"
"davg","3","cluster","0.009039969309285346"
"davg","3","cluster","0.011404744405760187"
"davg","3","cluster","0.011509482749523898"
"davg","3","cluster","0.011066372329987341"
"davg","3","cluster","0.010846976742252474"
"davg","3","cluster","0.010443523918209772"
"davg","3","cluster","0.011313716151562937"
"davg","3","cluster","0.011066584517844274"
"davg","3","cluster","0.009584244439993872"
"davg","3","cluster","0.010101329269267677"
"davg","3","cluster","0.01073917126346352"
"davg","3","cluster","0.009695671780499893"
"davg","3","cluster","0.011108550855431625"
"davg","3","cluster","0.010804209649956376"
"davg","3","cluster","0.011315274625322357"
"davg","3","cluster","0.010474459325012257"
"davg","3","cluster","0.009465438977179184"
"davg","3","cluster","0.010299760441586623"
"davg","3","cluster","0.011070240613391973"
"davg","3","cluster","0.011902452600722318"
"davg","3","cluster","0.011131364734157318"
"davg","3","cluster","0.009939215187022963"
"davg","3","cluster","0.011401047882310677"
"davg","3","cluster","0.011491143324600155"
"davg","3","cluster","0.01093249435140499"
"davg","3","cluster","0.01209893352608752"
"davg","3","cluster","0.01117646513557395"
"davg","3","cluster","0.011305815513876166"
"davg","3","cluster","0.011037502722237127"
"davg","3","cluster","0.010680023542652043"
"davg","3","cluster","0.00945418398019078"
"davg","3","cluster","0.011149636972436315"
"davg","3","cluster","0.010813927825768009"
"davg","3","cluster","0.011436908454963422"
"davg","3","cluster","0.00988863393009515"
"davg","3","cluster","0.010397942357247232"
"davg","3","cluster","0.010902858153898383"
"davg","3","cluster","0.010285140009808085"
"davg","3","cluster","0.011021749090237397"
"davg","3","cluster","0.010033692898738355"
"davg","3","cluster","0.011258073029218295"
"davg","3","cluster","0.01068826192307427"
"davg","3","cluster","0.011248427556241654"
"davg","3","cluster","0.011912532738965597"
"davg","3","cluster","0.011632091903627812"
"davg","3","cluster","0.009778899936935483"
"davg","3","cluster","0.01033097980062196"
"davg","3","cluster","0.008882334642069856"
"davg","3","cluster","0.010928052814613433"
"davg","3","cluster","0.010296501083414258"
"davg","3","cluster","0.00994085497593054"
"davg","3","cluster","0.012200214786060657"
"davg","3","cluster","0.010479917238534444"
"davg","3","cluster","0.010942256691131882"
"davg","3","cluster","0.011920629511030121"
"davg","3","cluster","0.011145052802076498"
"davg","3","cluster","0.011224340719793701"
"davg","3","cluster","0.01003766642249925"
"davg","3","cluster","0.010591348689786015"
"davg","3","cluster","0.009015942473285877"
"davg","3","cluster","0.009660118223149392"
"davg","3","cluster","0.010753389736465833"
"davg","3","cluster","0.010092774335597987"
"davg","3","cluster","0.010607933037171184"
"davg","3","cluster","0.009286295762535021"
"davg","3","cluster","0.0117822691663124"
"davg","3","cluster","0.011385131508645003"
"davg","3","cluster","0.011522248648894052"
"davg","3","cluster","0.009890513446659692"
"davg","3","cluster","0.010319513930432516"
"davg","3","cluster","0.011158370032310006"
"davg","3","cluster","0.010025220933497624"
"davg","3","cluster","0.010724186331290717"
"davg","3","cluster","0.010554350447409346"
"davg","3","cluster","0.011340252097689789"
"davg","3","cluster","0.009847283016858699"
"davg","3","cluster","0.011291269769252208"
"davg","3","cluster","0.01054756796397684"
"davg","3","cluster","0.01051163156503923"
"davg","3","cluster","0.011307343784183464"
"davg","3","cluster","0.01115651261711791"
"davg","3","cluster","0.01101485196486858"
"davg","3","cluster","0.009911312498743196"
"davg","3","cluster","0.011192903974889878"
"davg","3","cluster","0.009860012284000729"
"davg","3","cluster","0.011143793165068992"
"davg","3","cluster","0.011549058139353936"
"davg","3","cluster","0.011004709287549383"
"davg","3","cluster","0.011596929063980717"
"davg","3","cluster","0.009869928875629225"
"davg","3","cluster","0.011945314784659478"
"davg","3","cluster","0.011008991146105387"
"davg","3","cluster","0.00976757519703927"
"davg","3","cluster","0.010579336783547994"
"davg","3","cluster","0.009514906910859364"
"davg","3","cluster","0.010563606591964642"
"davg","3","cluster","0.011209125091219314"
"davg","3","cluster","0.009930911768921268"
"davg","3","cluster","0.010755047487808391"
"davg","3","cluster","0.010265970671520058"
"davg","3","cluster","0.010904905699803664"
"davg","3","cluster","0.011262465277022444"
"davg","3","cluster","0.010222202193523376"
"davg","3","cluster","0.011520580567122804"
"davg","3","cluster","0.009589906066584624"
"davg","3","cluster","0.011495554694940702"
"davg","3","cluster","0.011606349535912237"
"davg","3","cluster","0.010471440746360456"
"davg","3","cluster","0.009643517011049773"
"davg","3","cluster","0.010593323525946384"
"davg","3","cluster","0.011404348596342566"
"davg","3","cluster","0.01027008769800607"
"davg","3","cluster","0.010394231466962856"
"davg","3","cluster","0.010833796570218702"
"davg","3","cluster","0.01021851950008122"
"davg","3","cluster","0.010270711442530112"
"davg","3","cluster","0.010201443020186435"
"davg","3","cluster","0.01231462838032341"
"davg","3","cluster","0.010238689775377898"
"davg","3","cluster","0.011712335255405047"
"davg","3","cluster","0.009900880824701948"
"davg","3","cluster","0.011679513834646516"
"davg","3","cluster","0.01053972726788869"
"davg","3","cluster","0.011926987549750957"
"davg","3","cluster","0.010716569333111629"
"davg","3","cluster","0.010803686478713888"
"davg","3","cluster","0.010562695872927706"
"davg","3","cluster","0.011807263853608401"
"davg","3","cluster","0.011146493230211132"
"davg","3","cluster","0.01073200653558429"
"davg","3","cluster","0.011167373443547042"
"davg","3","cluster","0.009637424530699113"
"davg","3","cluster","0.011102998362453462"
"davg","3","cluster","0.010688155354736545"
"davg","3","cluster","0.011054044164202777"
"davg","3","cluster","0.01121705898476027"
"davg","3","cluster","0.010409504148953468"
"davg","3","cluster","0.011838733342792335"
"davg","3","cluster","0.010657693640838163"
"davg","3","cluster","0.010571440217249473"
"davg","3","cluster","0.010670265383646113"
"davg","3","cluster","0.011510523698422091"
"davg","3","cluster","0.011760103656021446"
"davg","3","cluster","0.010062988799660427"
"davg","3","cluster","0.010732641932477947"
"davg","3","cluster","0.011147584541188187"
"davg","3","cluster","0.010591158791914988"
"davg","3","cluster","0.010704895674394728"
"davg","3","cluster","0.01112410196021511"
"davg","3","cluster","0.010181656506523619"
"davg","3","cluster","0.009049422584440008"
"davg","3","cluster","0.010672898516988745"
"davg","3","cluster","0.011830399919384598"
"davg","3","cluster","0.010885938731463296"
"davg","3","cluster","0.009864904140009775"
"davg","3","cluster","0.010236980581966199"
"davg","3","cluster","0.00955341225759342"
"davg","3","cluster","0.011375671060560706"
"davg","3","cluster","0.011894255370317866"
"davg","3","cluster","0.011623214809290456"
"davg","3","cluster","0.01152769294454047"
"davg","3","cluster","0.010915983391591886"
"davg","3","cluster","0.010669463757690211"
"davg","3","cluster","0.010610000391009346"
"davg","3","cluster","0.011257465107573443"
"davg","3","cluster","0.010827364335183524"
"davg","3","cluster","0.010550892880351943"
"davg","3","cluster","0.011124026907661691"
"davg","3","cluster","0.010443366788504967"
"davg","3","cluster","0.011631994482693066"
"davg","3","cluster","0.011663293055755433"
"davg","3","cluster","0.01084357020376127"
"davg","3","cluster","0.010878684838345625"
"davg","3","cluster","0.010076604916955646"
"davg","3","cluster","0.010080954245982937"
"davg","3","cluster","0.009877728496507218"
"davg","3","cluster","0.010036138661388382"
"davg","3","cluster","0.011541020460213332"
"davg","3","cluster","0.010692165689185056"
"davg","3","cluster","0.01029439168632662"
"davg","3","cluster","0.01053270454375866"
"davg","3","cluster","0.010635366513102387"
"davg","3","cluster","0.011542842568925153"
"davg","3","cluster","0.008630032586755515"
"davg","3","cluster","0.010197881895218523"
"davg","3","cluster","0.010313844829852379"
"davg","3","cluster","0.011276749484077782"
"davg","3","cluster","0.009813807548849135"
"davg","3","cluster","0.009806084680791291"
"davg","3","cluster","0.010623760595367914"
"davg","3","cluster","0.011359469287533739"
"davg","3","cluster","0.010585548322344611"
"davg","3","cluster","0.011890696868144696"
"davg","3","cluster","0.010316586743758968"
"davg","3","cluster","0.01134379569137952"
"davg","3","cluster","0.012541794573379299"
"davg","3","cluster","0.010221495532918304"
"davg","3","cluster","0.010688612223896207"
"davg","3","cluster","0.010641834085753754"
"davg","3","cluster","0.010778962671272006"
"davg","3","cluster","0.01167633844325012"
"davg","3","cluster","0.012182395250587926"
"davg","3","cluster","0.010032443793674127"
"davg","3","cluster","0.010564807093443363"
"davg","3","cluster","0.0117277707549294"
"davg","3","cluster","0.01059963886920696"
"davg","3","cluster","0.010269130194710619"
"davg","3","cluster","0.0098345482965811"
"davg","3","cluster","0.01078371275950196"
"davg","3","cluster","0.00942621862830036"
"davg","3","cluster","0.010809723624197722"
"davg","3","cluster","0.009883330799114066"
"davg","3","cluster","0.010380296182746676"
"davg","3","cluster","0.010839990398547293"
"davg","3","cluster","0.009800252418607342"
"davg","3","cluster","0.011677860871763632"
"davg","3","cluster","0.012239182942713967"
"davg","3","cluster","0.011613669951985782"
"davg","3","cluster","0.010628730830978716"
"davg","3","cluster","0.010829140129844053"
"davg","3","cluster","0.009678605777002962"
"davg","3","cluster","0.010156959085915566"
"davg","3","cluster","0.010105281721844972"
"davg","3","cluster","0.01059473543118058"
"davg","3","cluster","0.010665451350143428"
"davg","3","cluster","0.010640877228979056"
"davg","3","cluster","0.010436734566679389"
"davg","3","cluster","0.009967420517232838"
"davg","3","cluster","0.010565705590986702"
"davg","3","cluster","0.009690601905622508"
"davg","3","cluster","0.011364911397802149"
"davg","3","cluster","0.010510098411245982"
"davg","3","cluster","0.01147734294306315"
"davg","3","cluster","0.010389038682538205"
"davg","3","cluster","0.010950562417178636"
"davg","3","cluster","0.011373358512585634"
"davg","3","cluster","0.010500605821591185"
"davg","3","cluster","0.0104521180281122"
"davg","3","cluster","0.012019439335812057"
"davg","3","cluster","0.010775025661801713"
"davg","3","cluster","0.010673280413465507"
"davg","3","cluster","0.009402705699859898"
"davg","3","cluster","0.010110152268106356"
"davg","3","cluster","0.010871558245517112"
"davg","3","cluster","0.010777499477827954"
"davg","3","cluster","0.01165887223772042"
"davg","3","cluster","0.010818406211881666"
"davg","3","cluster","0.010498979409106267"
"davg","3","cluster","0.010771687214408781"
"davg","3","cluster","0.010541604254025306"
"davg","3","cluster","0.011031070732154102"
"davg","3","cluster","0.012377758331980467"
"davg","3","cluster","0.010047329403298427"
"davg","3","cluster","0.011614626836348542"
"davg","3","cluster","0.010442848456013794"
"davg","3","cluster","0.010290524419772051"
"davg","3","cluster","0.009827310874991122"
"davg","3","cluster","0.010424650126198896"
"davg","3","cluster","0.01065917279437997"
"davg","3","cluster","0.0100011446218215"
"davg","3","cluster","0.010874049479523114"
"davg","3","cluster","0.010643781515776034"
"davg","3","cluster","0.01046364538109578"
"davg","3","cluster","0.010149042316356044"
"davg","3","cluster","0.01110739920785965"
"davg","3","cluster","0.010236679985667588"
"davg","3","cluster","0.011372202259090212"
"davg","3","cluster","0.009830039761134174"
"davg","3","cluster","0.011335463127251384"
"davg","3","cluster","0.010487461823959286"
"davg","3","cluster","0.010224344180675207"
"davg","3","cluster","0.01114798388783026"
"davg","3","cluster","0.010138905790350627"
"davg","3","cluster","0.01141568364131482"
"davg","3","cluster","0.010923011585208038"
"davg","3","cluster","0.01084854145723643"
"davg","3","cluster","0.010692569724578977"
"davg","3","cluster","0.009912138693814796"
"davg","3","cluster","0.008908494456095685"
"davg","3","cluster","0.011363540355727828"
"davg","3","cluster","0.011629311371705196"
"davg","3","cluster","0.010564298911499776"
"davg","3","cluster","0.010525014916213257"
"davg","3","cluster","0.009577407374469247"
"davg","3","cluster","0.009067907520865268"
"davg","3","cluster","0.010602426201445097"
"davg","3","cluster","0.011347947657244476"
"davg","3","cluster","0.009997414844060805"
"davg","3","cluster","0.011675147535336106"
"davg","3","cluster","0.009985358900909097"
"davg","3","cluster","0.009479657505831452"
"davg","3","cluster","0.0111398904641545"
"davg","3","cluster","0.010663289446490365"
"davg","3","cluster","0.010416328470665757"
"davg","3","cluster","0.010622129940136256"
"davg","3","cluster","0.011819640146558558"
"davg","3","cluster","0.010174543492348665"
"davg","3","cluster","0.010904500906441753"
"davg","3","cluster","0.009568310652436199"
"davg","3","cluster","0.010848789962177377"
"davg","3","cluster","0.011003866646996454"
"davg","3","cluster","0.01006383910912427"
"davg","3","cluster","0.010538693516985291"
"davg","3","cluster","0.009214293308765437"
"davg","3","cluster","0.011251056554992542"
"davg","3","cluster","0.012108702843003085"
"davg","3","cluster","0.01079426394804464"
"davg","3","cluster","0.011730620627051231"
"davg","3","cluster","0.009142461697488136"
"davg","3","cluster","0.010198971955511053"
"davg","3","cluster","0.010543394795133658"
"davg","3","cluster","0.011366500651817686"
"davg","3","cluster","0.010538006820807848"
"davg","3","cluster","0.010930182426132721"
"davg","3","cluster","0.011099342343758615"
"davg","3","cluster","0.0103255210049279"
"davg","3","cluster","0.010099878823359698"
"davg","3","cluster","0.009976000679411668"
"davg","3","cluster","0.011029256854233989"
"davg","3","cluster","0.010989532383569893"
"davg","3","cluster","0.011086994640621722"
"davg","3","cluster","0.008152509318480734"
"davg","3","cluster","0.009182157534958805"
"davg","3","cluster","0.011110093269839728"
"davg","3","cluster","0.010463768380545238"
"davg","3","cluster","0.010619474262165675"
"davg","3","cluster","0.010952319698800742"
"davg","3","cluster","0.01136657948244653"
"davg","3","cluster","0.01007921430954966"
"davg","3","cluster","0.010553527484281884"
"davg","3","cluster","0.01006769083795239"
"davg","3","cluster","0.010679711463550989"
"davg","3","cluster","0.011202280883602369"
"davg","3","cluster","0.011711866512666707"
"davg","3","cluster","0.010234011040101356"
"davg","3","cluster","0.011352283838984316"
"davg","3","cluster","0.009770195020958598"
"davg","3","cluster","0.0113848721857594"
"davg","3","cluster","0.010733993311552552"
"davg","3","cluster","0.010675274537619931"
"davg","3","cluster","0.010933574257581492"
"davg","3","cluster","0.011079677457125639"
"davg","3","cluster","0.010884647883879588"
"davg","3","cluster","0.011562641980165173"
"davg","3","cluster","0.010788556404124891"
"davg","3","cluster","0.010613733288553468"
"davg","3","cluster","0.011173108007569921"
"davg","3","cluster","0.01163907649998577"
"davg","3","cluster","0.010340197388568916"
"davg","3","cluster","0.010510281754396751"
"davg","3","cluster","0.011288575555706854"
"davg","3","cluster","0.009798898508486113"
"davg","3","cluster","0.010333614265077763"
"davg","3","cluster","0.010802484713601918"
"davg","3","cluster","0.010589047608596558"
"davg","3","cluster","0.01124260413417682"
"davg","3","cluster","0.010364128128731064"
"davg","3","cluster","0.010814213053874264"
"davg","3","cluster","0.009709516312433995"
"davg","3","cluster","0.01281831602939136"
"davg","3","cluster","0.0074076038371369"
"davg","3","cluster","0.011053962605125818"
"davg","3","cluster","0.010957698720907896"
"davg","3","cluster","0.010524653212367846"
"davg","3","cluster","0.00972370079497645"
"davg","3","cluster","0.01112461642131924"
"davg","3","cluster","0.010543686679626331"
"davg","3","cluster","0.01011584765883958"
"davg","3","cluster","0.010687934870112997"
"davg","3","cluster","0.009991223967247031"
"davg","3","cluster","0.009517311411020133"
"davg","3","cluster","0.009906285756948968"
"davg","3","cluster","0.010269792590324522"
"davg","3","cluster","0.009926967241812343"
"davg","3","cluster","0.010910962315335053"
"davg","3","cluster","0.010660446032071415"
"davg","3","cluster","0.011685899224204481"
"davg","3","cluster","0.01098528952057226"
"davg","3","cluster","0.010716632092702455"
"davg","3","cluster","0.01032530370644754"
"davg","3","cluster","0.010712165974386146"
"davg","3","cluster","0.009014017698078478"
"davg","3","cluster","0.010019252750449317"
"davg","3","cluster","0.009832276901632004"
"davg","3","cluster","0.009524053063660484"
"davg","3","cluster","0.011791105331441964"
"davg","3","cluster","0.009608257748910755"
"davg","3","cluster","0.011618794639823063"
"davg","3","cluster","0.010833973867694862"
"davg","3","cluster","0.011360258783524835"
"davg","3","cluster","0.009692922803320583"
"davg","3","cluster","0.011347059115532633"
"davg","3","cluster","0.01003234476685121"
"davg","3","cluster","0.011245332865511833"
"davg","3","cluster","0.009072238146334176"
"davg","3","cluster","0.010339520098474164"
"davg","3","cluster","0.011382151584751117"
"davg","3","cluster","0.010510397663191857"
"davg","3","cluster","0.010426864880933737"
"davg","3","cluster","0.012247708700549566"
"davg","3","cluster","0.010696637636853886"
"davg","3","cluster","0.010992258539734323"
"davg","3","cluster","0.010329135868512765"
"davg","3","cluster","0.010798444834485135"
"davg","3","cluster","0.010728333871972452"
"davg","3","cluster","0.009686413321949812"
"davg","3","cluster","0.00983763844012851"
"davg","3","cluster","0.010548842856695346"
"davg","3","cluster","0.011103726867968544"
"davg","3","cluster","0.010075067828042558"
"davg","3","cluster","0.01185178707274723"
"davg","3","cluster","0.007979147308380955"
"davg","3","cluster","0.012771851995313978"
"davg","3","cluster","0.009534959277872764"
"davg","3","cluster","0.009129251770087766"
"davg","3","cluster","0.010975342562871365"
"davg","3","cluster","0.010206915000887344"
"davg","3","cluster","0.009925136512394194"
"davg","3","cluster","0.010931121143782738"
"davg","3","cluster","0.010615443460633384"
"davg","3","cluster","0.010777346690219975"
"davg","3","cluster","0.01135919709681407"
"davg","3","cluster","0.010405909071979818"
"davg","3","cluster","0.010165457000046441"
"davg","3","cluster","0.010631152583519154"
"davg","3","cluster","0.009565531858691932"
"davg","3","cluster","0.009727986762922044"
"davg","3","cluster","0.00920417174756921"
"davg","3","cluster","0.009961662581729291"
"davg","3","cluster","0.01051703375285655"
"davg","3","cluster","0.010395094614599334"
"davg","3","cluster","0.011092470185099668"
"davg","3","cluster","0.011504183474819326"
"davg","3","cluster","0.010355075824878985"
"davg","3","cluster","0.010101809828978892"
"davg","3","cluster","0.011551688581047775"
"davg","3","cluster","0.01060923639591667"
"davg","3","cluster","0.011167622071894964"
"davg","3","cluster","0.010783265836144855"
"davg","3","cluster","0.011022854222239989"
"davg","3","cluster","0.009109476148220007"
"davg","3","cluster","0.011717594980786745"
"davg","3","cluster","0.01046844828584436"
"davg","3","cluster","0.011041580878980457"
"davg","3","cluster","0.009496323011912578"
"davg","3","cluster","0.01048269246263487"
"davg","3","cluster","0.011062870113689623"
"davg","3","cluster","0.011797803058256347"
"davg","3","cluster","0.00871567018115593"
"davg","3","cluster","0.009768263455842207"
"davg","3","cluster","0.011045054084483308"
"davg","3","cluster","0.012467051924334196"
"davg","3","cluster","0.010863708000649426"
"davg","3","cluster","0.011534608653302341"
"davg","3","cluster","0.011340591530554304"
"davg","3","cluster","0.009893761412378004"
"davg","3","cluster","0.011576047439569144"
"davg","3","cluster","0.010425572780226863"
"davg","3","cluster","0.010568889000754667"
"davg","3","cluster","0.009648200304183698"
"davg","3","cluster","0.011229440100627859"
"davg","3","cluster","0.010399177368303765"
"davg","3","cluster","0.009243684424495923"
"davg","3","cluster","0.0114187548871796"
"davg","3","cluster","0.010605192667392736"
"davg","3","cluster","0.009657748039141335"
"davg","3","cluster","0.011312776266716982"
"davg","3","cluster","0.011955136555802057"
"davg","3","cluster","0.011673107913312514"
"davg","3","cluster","0.009868927910360103"
"davg","3","cluster","0.010087410297250023"
"davg","3","cluster","0.011752700761332377"
"davg","3","cluster","0.010850029438696758"
"davg","3","cluster","0.01098369646255976"
"davg","3","cluster","0.011884401220912055"
"davg","3","cluster","0.01074450857004603"
"davg","3","cluster","0.010502415533086784"
"davg","3","cluster","0.010869224655939562"
"davg","3","cluster","0.010297248279812276"
"davg","3","cluster","0.011235863154427322"
"davg","3","cluster","0.011480348900560837"
"davg","3","cluster","0.010801121286833925"
"davg","3","cluster","0.00880507294853435"
"davg","3","cluster","0.010894145621741163"
"davg","3","cluster","0.009342958889319403"
"davg","3","cluster","0.010674180711597201"
"davg","3","cluster","0.011742681045777002"
"davg","3","cluster","0.010778654059041494"
"davg","3","cluster","0.01121592802491731"
"davg","3","cluster","0.011266513632154312"
"davg","3","cluster","0.010949191022285604"
"davg","3","cluster","0.01089801617933971"
"davg","3","cluster","0.009520433632347291"
"davg","3","cluster","0.010905007631317954"
"davg","3","cluster","0.009633099060767581"
"davg","3","cluster","0.011536633989819786"
"davg","3","cluster","0.009923537063288121"
"davg","3","cluster","0.010905424625728211"
"davg","3","cluster","0.012432103064259294"
"davg","3","cluster","0.010841892608547734"
"davg","3","cluster","0.011712770979253873"
"davg","3","cluster","0.01160453613666656"
"davg","3","cluster","0.011107055919675929"
"davg","3","cluster","0.010677033538323577"
"davg","3","cluster","0.010927181902437553"
"davg","3","cluster","0.010409877610633698"
"davg","3","cluster","0.011313246791894127"
"davg","3","cluster","0.010489852625593963"
"davg","3","cluster","0.011502593554491949"
"davg","3","cluster","0.009475953570966698"
"davg","3","cluster","0.010859879509137825"
"davg","3","cluster","0.011076012248969098"
"davg","3","cluster","0.010382118474220665"
"davg","3","cluster","0.010431136181258063"
"davg","3","cluster","0.011122684530153873"
"davg","3","cluster","0.010829340137688952"
"davg","3","cluster","0.01151684271109731"
"davg","3","cluster","0.009452920644671261"
"davg","3","cluster","0.009783343017312499"
"davg","3","cluster","0.010916333343829186"
"davg","3","cluster","0.0107964589543427"
"davg","3","cluster","0.011136138815851206"
"davg","3","cluster","0.010721751008910485"
"davg","3","cluster","0.009964614195888214"
"davg","3","cluster","0.011954346375757598"
"davg","3","cluster","0.009919627011522195"
"davg","3","cluster","0.011277618126066258"
"davg","3","cluster","0.010446483681947647"
"davg","3","cluster","0.011846838459055799"
"davg","3","cluster","0.009216239020237013"
"davg","3","cluster","0.011619695137515202"
"davg","3","cluster","0.010521140706404824"
"davg","3","cluster","0.010551116979572011"
"davg","3","cluster","0.011802520788517196"
"davg","3","cluster","0.011164606996487268"
"davg","3","cluster","0.011412984653988531"
"davg","3","cluster","0.008603569527798248"
"davg","3","cluster","0.012157857436829268"
"davg","3","cluster","0.01032155977261644"
"davg","3","cluster","0.010849426300105101"
"davg","3","cluster","0.010283280456277428"
"davg","3","cluster","0.010751624989422566"
"davg","3","cluster","0.010453957477291926"
"davg","3","cluster","0.010518561966648047"
"davg","3","cluster","0.010607426343457878"
"davg","3","cluster","0.010915658314756221"
"davg","3","cluster","0.010837092802713716"
"davg","3","cluster","0.010188605266826887"
"davg","3","cluster","0.010637604606616748"
"davg","3","cluster","0.010761659884664765"
"davg","3","cluster","0.01001035106211984"
"davg","3","cluster","0.011938289964126074"
"davg","3","cluster","0.010417513237502002"
"davg","3","cluster","0.009936520533871385"
"davg","3","cluster","0.010507333605943924"
"davg","3","cluster","0.01107636790908818"
"davg","3","cluster","0.010524870031813776"
"davg","3","cluster","0.01050294703895073"
"davg","3","cluster","0.009753973047457256"
"davg","3","cluster","0.010466008043552135"
"davg","3","cluster","0.011042464342642866"
"davg","3","cluster","0.010852335249213568"
"davg","3","cluster","0.010616456081307155"
"davg","3","cluster","0.01024471399227894"
"davg","3","cluster","0.009680518259159259"
"davg","3","cluster","0.009149079851578186"
"davg","3","cluster","0.010667536302443761"
"davg","3","cluster","0.00935285886472542"
"davg","3","cluster","0.010684336646223005"
"davg","3","cluster","0.010584567780892536"
"davg","3","cluster","0.011055083295026977"
"davg","3","cluster","0.01152703218520317"
"davg","3","cluster","0.010100907929580207"
"davg","3","cluster","0.012039783996113898"
"davg","3","cluster","0.011300677496652914"
"davg","3","cluster","0.011318299541805792"
"davg","3","cluster","0.01094226746102607"
"davg","3","cluster","0.01205761049554126"
"davg","3","cluster","0.011895513156754736"
"davg","3","cluster","0.0113175611546598"
"davg","3","cluster","0.011360111951571883"
"davg","3","cluster","0.009466656210361944"
"davg","3","cluster","0.01070390781857606"
"davg","3","cluster","0.011094966463642235"
"davg","3","cluster","0.011248464753993166"
"davg","3","cluster","0.010592746004990914"
"davg","3","cluster","0.009787953381467774"
"davg","3","cluster","0.011005917253315529"
"davg","3","cluster","0.01237549869756238"
"davg","3","cluster","0.010234826962940752"
"davg","3","cluster","0.010461517663239923"
"davg","3","cluster","0.010131954572043194"
"davg","3","cluster","0.010344225689121293"
"davg","3","cluster","0.011907870900408544"
"davg","3","cluster","0.00957421526721375"
"davg","3","cluster","0.011013802061693884"
"davg","3","cluster","0.011909539836547403"
"davg","3","cluster","0.009403854040955631"
"davg","3","cluster","0.01010689725658077"
"davg","3","cluster","0.012169881465935284"
"davg","3","cluster","0.01020895901374619"
"davg","3","cluster","0.010126799428960508"
"davg","3","cluster","0.010002227222402462"
"davg","3","cluster","0.010355473408464712"
"davg","3","cluster","0.01172192283300563"
"davg","3","cluster","0.01105186746430135"
"davg","3","cluster","0.010254555934930019"
"davg","3","cluster","0.009882751883980126"
"davg","3","cluster","0.010565045424904147"
"davg","3","cluster","0.011341582238944074"
"davg","3","cluster","0.009669613929087386"
"davg","3","cluster","0.010440917270153479"
"davg","3","cluster","0.012005953435398658"
"davg","3","cluster","0.009748955098098148"
"davg","3","cluster","0.010611123191956524"
"davg","3","cluster","0.011419272066886053"
"davg","3","cluster","0.010207849681746232"
"davg","3","cluster","0.011123878734965604"
"davg","3","cluster","0.011391058567696531"
"davg","3","cluster","0.01150024945328154"
"davg","3","cluster","0.011548471688483997"
"davg","3","cluster","0.009679175913515957"
"davg","3","cluster","0.010314638111008901"
"davg","3","cluster","0.012019631499397564"
"davg","3","cluster","0.010116728421770589"
"davg","3","cluster","0.01174898313587657"
"davg","3","cluster","0.00955681141605004"
"davg","3","cluster","0.010518056492069765"
"davg","3","cluster","0.012040447218780812"
"davg","3","cluster","0.012341148416420613"
"davg","3","cluster","0.009903087786527277"
"davg","3","cluster","0.010854928412410631"
"davg","3","cluster","0.01002883282287671"
"davg","3","cluster","0.009783496883538096"
"davg","3","cluster","0.010844036598960454"
"davg","3","cluster","0.011635354399072095"
"davg","3","cluster","0.01084835404864657"
"davg","3","cluster","0.012552825585653118"
"davg","3","cluster","0.01096386393849483"
"davg","3","cluster","0.010612493423421758"
"davg","3","cluster","0.011785165356175959"
"davg","3","cluster","0.009045679011057428"
"davg","3","cluster","0.010954969732296503"
"davg","3","cluster","0.01020480915186351"
"davg","3","cluster","0.01221681617886304"
"davg","3","cluster","0.010335290815827316"
"davg","3","cluster","0.012126123846429939"
"davg","3","cluster","0.010767918589372484"
"davg","3","cluster","0.011552358026222662"
"davg","3","cluster","0.009753686236463303"
"davg","3","cluster","0.010958794465482605"
"davg","3","cluster","0.010769256278761716"
"davg","3","cluster","0.01089427903199932"
"davg","3","cluster","0.011231338390773808"
"davg","3","cluster","0.011651551215532423"
"davg","3","cluster","0.011855858562269707"
"davg","3","cluster","0.01179165893158166"
"davg","3","cluster","0.010583883490596836"
"davg","3","cluster","0.010652721307381912"
"davg","3","cluster","0.010934845776763449"
"davg","3","cluster","0.010852142630570674"
"davg","3","cluster","0.010967120476547023"
"davg","3","cluster","0.011869270742215046"
"davg","3","cluster","0.011260826172591729"
"davg","3","cluster","0.01077566285954973"
"davg","3","cluster","0.01114939531164155"
"davg","3","cluster","0.011048523839617838"
"davg","3","cluster","0.01072990440423043"
"davg","3","cluster","0.010753141805655115"
"davg","3","cluster","0.010864240292859878"
"davg","3","cluster","0.01085274537380047"
"davg","3","cluster","0.010371543062705263"
"davg","3","cluster","0.01023906204182864"
"davg","3","cluster","0.011884827741900729"
"davg","3","cluster","0.010320934753776333"
"davg","3","cluster","0.011176944563583735"
"davg","3","cluster","0.009002224668477225"
"davg","3","cluster","0.010619399713740438"
"davg","3","cluster","0.010174153911103536"
"davg","3","cluster","0.010060946046008512"
"davg","3","cluster","0.01095223095945145"
"davg","3","cluster","0.00996856326608824"
"davg","3","cluster","0.010582138393963299"
"davg","3","cluster","0.011628554865788789"
"davg","3","cluster","0.011421374257320054"
"davg","3","cluster","0.011364809658430692"
"davg","3","cluster","0.011194360314589496"
"davg","3","cluster","0.011083769228638771"
"davg","3","cluster","0.010203750383729051"
"davg","3","cluster","0.009836367365954217"
"davg","3","cluster","0.011294978068981242"
"davg","3","cluster","0.009627656578688219"
"davg","3","cluster","0.009694413255861989"
"davg","3","cluster","0.010201815400392156"
"davg","3","cluster","0.0100815975988752"
"davg","3","cluster","0.010906888847147394"
"davg","3","cluster","0.012733687255135993"
"davg","3","cluster","0.011898703162248354"
"davg","3","cluster","0.009654686772741125"
"davg","3","cluster","0.011323799413439296"
"davg","3","cluster","0.009547302938473057"
"davg","3","cluster","0.010987356977333395"
"davg","3","cluster","0.010531080551982644"
"davg","3","cluster","0.01114612998747962"
"davg","3","cluster","0.009737064189062016"
"davg","3","cluster","0.010722188144406708"
"davg","3","cluster","0.009617965742341823"
"davg","3","cluster","0.011180961602277046"
"davg","3","cluster","0.010687109026873379"
"davg","3","cluster","0.011448911957808873"
"davg","3","cluster","0.011302579545643792"
"davg","3","cluster","0.009767384819334663"
"davg","3","cluster","0.00997290122513219"
"davg","3","cluster","0.011266031940970457"
"davg","3","cluster","0.01045621486793793"
"davg","3","cluster","0.010016161243584294"
"davg","3","cluster","0.010562969139070637"
"davg","3","cluster","0.01062344046381688"
"davg","3","cluster","0.010403725872940467"
"davg","3","cluster","0.01076119542003905"
"davg","3","cluster","0.010462103985278484"
"davg","3","cluster","0.011896484413236425"
"davg","3","cluster","0.010354017715231097"
"davg","3","cluster","0.010351311147970157"
"davg","3","cluster","0.011101481201458771"
"davg","3","cluster","0.010603576927588959"
"davg","3","cluster","0.010034417568879819"
"davg","3","cluster","0.010564760081698552"
"davg","3","cluster","0.010312490130859836"
"davg","3","cluster","0.009663799275817897"
"davg","3","cluster","0.010794003491135922"
"davg","3","cluster","0.010378478423969993"
"davg","3","cluster","0.010447730416556524"
"davg","3","cluster","0.010459156448486377"
"davg","3","cluster","0.011609411344500291"
"davg","3","cluster","0.009170430235191668"
"davg","3","cluster","0.010161686043133809"
"davg","3","cluster","0.008990727478387878"
"davg","3","cluster","0.010999625933519639"
"davg","3","cluster","0.011436270838031217"
"davg","3","cluster","0.010041832873647991"
"davg","3","cluster","0.011149704749344512"
"davg","3","cluster","0.00877127426534585"
"davg","3","cluster","0.010657323309963098"
"davg","3","cluster","0.01140092781554382"
"davg","3","cluster","0.010052975004270263"
"davg","3","cluster","0.010026786972155968"
"davg","3","cluster","0.01077293305719752"
"davg","3","cluster","0.012474043625943005"
"davg","3","cluster","0.01081861841078944"
"davg","3","cluster","0.010604842567650579"
"davg","3","cluster","0.01007601706203296"
"davg","3","cluster","0.010904990245861048"
"davg","3","cluster","0.00903286507621384"
"davg","3","cluster","0.009275451499032273"
"davg","3","cluster","0.011499155978161995"
"davg","3","cluster","0.010626540144523794"
"davg","3","cluster","0.011732999110873247"
"davg","3","cluster","0.008743854645862801"
"davg","3","cluster","0.009797124745064998"
"davg","3","cluster","0.011066575957606548"
"davg","3","cluster","0.010757079395160168"
"davg","3","cluster","0.011054309835003228"
"davg","3","cluster","0.011110505169557514"
"davg","3","cluster","0.011265871687149447"
"davg","3","cluster","0.010990073935393498"
"davg","3","cluster","0.010838741057890053"
"davg","3","cluster","0.010251378633643267"
"davg","3","cluster","0.010943557086824436"
"davg","3","cluster","0.010520660436865179"
"davg","3","cluster","0.011323475881666444"
"davg","3","cluster","0.010619484033391684"
"davg","3","cluster","0.011453178948610209"
"davg","3","cluster","0.010323993785882947"
"davg","3","cluster","0.011174027661683166"
"davg","3","cluster","0.009833530364123867"
"davg","3","cluster","0.01084774910065918"
"davg","3","cluster","0.010979321521647828"
"davg","3","cluster","0.010659161016096104"
"davg","3","cluster","0.009911269131071212"
"davg","3","cluster","0.011934669453862547"
"davg","3","cluster","0.010753687844053646"
"davg","3","cluster","0.011439985281021779"
"davg","3","cluster","0.010844444851866348"
"davg","3","cluster","0.01084783785338929"
"davg","3","cluster","0.010886335419190499"
"davg","3","cluster","0.010438387404724622"
"davg","3","cluster","0.010858758991221526"
"davg","3","cluster","0.011337673384909132"
"davg","3","cluster","0.010635205419626122"
"davg","3","cluster","0.011795828062601625"
"davg","3","cluster","0.011117138131872267"
"davg","3","cluster","0.011590959273391576"
"davg","3","cluster","0.011678162090811139"
"davg","3","cluster","0.009862622098720299"
"davg","3","cluster","0.009361306312826384"
"davg","3","cluster","0.011080069053497869"
"davg","3","cluster","0.009859761004283365"
"davg","3","cluster","0.010467571145754894"
"davg","3","cluster","0.009658826473416995"
"davg","3","cluster","0.01053934175019591"
"davg","3","cluster","0.012175528246683654"
"davg","3","cluster","0.01091601111608639"
"davg","3","cluster","0.01055440945232269"
"davg","3","cluster","0.011533347709016937"
"davg","3","cluster","0.010675259013414738"
"davg","3","cluster","0.010393470575905736"
"davg","3","cluster","0.010806924599220984"
"davg","3","cluster","0.01062619624553913"
"davg","3","cluster","0.010356458848067924"
"davg","3","cluster","0.010697016859174761"
"davg","3","cluster","0.010832219890899998"
"davg","3","cluster","0.011457894285385864"
"davg","3","cluster","0.01069578255772441"
"davg","3","cluster","0.009320947152240805"
"davg","3","cluster","0.011150737913908422"
"davg","3","cluster","0.012626756022863901"
"davg","3","cluster","0.010879615024140355"
"davg","3","cluster","0.009814255807471396"
"davg","3","cluster","0.00943336776534203"
"davg","3","cluster","0.0099797257396995"
"davg","3","cluster","0.010219989836135762"
"davg","3","cluster","0.0109246582081284"
"davg","3","cluster","0.010927781386757212"
"davg","3","cluster","0.012149722650123549"
"davg","3","cluster","0.011413283912510019"
"davg","3","cluster","0.011121376177860933"
